{"cameraMode":{"drawMode":0,"name":"Shaded","section":"Shading Mode"},"sceneLighting":true,"audioPlay":false,"sceneViewState":{"showFog":true,"showMaterialUpdate":false,"showSkybox":true,"showFlares":true,"showImageEffects":true,"showParticleSystems":true},"in2DMode":false,"pivot":{"x":1.055166244506836,"y":2.2810404300689699,"z":-2.65177845954895},"rotation":{"x":-0.08629950881004334,"y":0.900463342666626,"z":-0.20923259854316712,"w":-0.37140265107154848},"size":4.088379383087158,"orthographic":false}